Id,Designator,Quantity,Manufacturer,Manufacturer Part Number,Value,Description,Footprint,Type,Distributor,Distributor Part Number,Distributor Link,Datasheet
1,C1,1,YAGEO,CC0402KRX7R9BB103,10n,50V 10nF X7R ±10% 0402 Multilayer Ceramic Capacitors MLCC - SMD/SMT ROHS,C_0402_1005Metric,SMT,LCSC,C60133,https://www.lcsc.com/product-detail/Multilayer-Ceramic-Capacitors-MLCC-SMD-SMT_YAGEO-CC0402KRX7R9BB103_C60133.html,https://www.lcsc.com/datasheet/lcsc_datasheet_2304140030_YAGEO-CC0402KRX7R9BB103_C60133.pdf
2,C10,1,Samsung Electro-Mechanics,CL10A226MP8NUNE,22u,10V 22uF X5R ±20% 0603 Multilayer Ceramic Capacitors MLCC - SMD/SMT ROHS,C_0603_1608Metric,SMT,LCSC,C86295,https://www.lcsc.com/product-detail/Multilayer-Ceramic-Capacitors-MLCC-SMD-SMT_Samsung-Electro-Mechanics-CL10A226MP8NUNE_C86295.html,https://www.lcsc.com/datasheet/lcsc_datasheet_2304140030_Samsung-Electro-Mechanics-CL10A226MP8NUNE_C86295.pdf
3,"C13,C14",2,YAGEO,CC0603JRNPO9BN330,33p,50V 33pF NP0 ±5% 0603 Multilayer Ceramic Capacitors MLCC - SMD/SMT ROHS,C_0603_1608Metric,SMT,LCSC,C107047,https://www.lcsc.com/product-detail/Multilayer-Ceramic-Capacitors-MLCC-SMD-SMT_YAGEO-CC0603JRNPO9BN330_C107047.html,https://www.lcsc.com/datasheet/lcsc_datasheet_2304140030_YAGEO-CC0603JRNPO9BN330_C107047.pdf
4,"C16,C17",2,FH (Guangdong Fenghua Advanced Tech),0402CG120J500NT,12p,50V 12pF C0G ±5% 0402 Multilayer Ceramic Capacitors MLCC - SMD/SMT ROHS,C_0402_1005Metric,SMT,LCSC,C1547,https://www.lcsc.com/product-detail/Multilayer-Ceramic-Capacitors-MLCC-SMD-SMT_FH-Guangdong-Fenghua-Advanced-Tech-0402CG120J500NT_C1547.html,https://www.lcsc.com/datasheet/lcsc_datasheet_2304140030_FH--Guangdong-Fenghua-Advanced-Tech-0402CG120J500NT_C1547.pdf
5,"C18,C19",2,KEMET,T520B337M006ATE040,330u,330uF 6.3V 40mΩ@100kHz ±20% CASE-B-3528 Tantalum Capacitors ROHS,CP_EIA-3528-21_Kemet-B,SMT,LCSC,C696806,https://www.lcsc.com/product-detail/Tantalum-Capacitors_KEMET-T520B337M006ATE040_C696806.html,https://www.lcsc.com/datasheet/lcsc_datasheet_2304140030_KEMET-T520B337M006ATE040_C696806.pdf
6,"C2,C6,C8,C9,C12,C15,C25,C29,C38",9,Samsung Electro-Mechanics,CL05B104KO5NNNC,100n,16V 100nF X7R ±10% 0402 Multilayer Ceramic Capacitors MLCC - SMD/SMT ROHS,C_0402_1005Metric,SMT,LCSC,C1525,https://www.lcsc.com/product-detail/Multilayer-Ceramic-Capacitors-MLCC-SMD-SMT_Samsung-Electro-Mechanics-CL05B104KO5NNNC_C1525.html,https://www.lcsc.com/datasheet/lcsc_datasheet_2304140030_Samsung-Electro-Mechanics-CL05B104KO5NNNC_C1525.pdf
7,"C24,C26,C44,C45",4,Samsung Electro-Mechanics,CL10B105KO8NNNC,1u,16V 1uF X7R ±10% 0603 Multilayer Ceramic Capacitors MLCC - SMD/SMT ROHS,C_0603_1608Metric,SMT,LCSC,C59782,https://www.lcsc.com/product-detail/Multilayer-Ceramic-Capacitors-MLCC-SMD-SMT_Samsung-Electro-Mechanics-CL10B105KO8NNNC_C59782.html,https://www.lcsc.com/datasheet/lcsc_datasheet_2304140030_Samsung-Electro-Mechanics-CL10B105KO8NNNC_C59782.pdf
8,C27,1,YAGEO,CC0402JRNPO9BN100,10p,50V 10pF NP0 ±5% 0402 Multilayer Ceramic Capacitors MLCC - SMD/SMT ROHS,C_0402_1005Metric,SMT,LCSC,C106199,https://www.lcsc.com/product-detail/Multilayer-Ceramic-Capacitors-MLCC-SMD-SMT_YAGEO-CC0402JRNPO9BN100_C106199.html,https://www.lcsc.com/datasheet/lcsc_datasheet_2304140030_YAGEO-CC0402JRNPO9BN100_C106199.pdf
9,"C28,C47",2,FH (Guangdong Fenghua Advanced Tech),0402CG330J500NT,33p,50V 33pF C0G ±5% 0402 Multilayer Ceramic Capacitors MLCC - SMD/SMT ROHS,C_0402_1005Metric,SMT,LCSC,C1562,https://www.lcsc.com/product-detail/Multilayer-Ceramic-Capacitors-MLCC-SMD-SMT_FH-Guangdong-Fenghua-Advanced-Tech-0402CG330J500NT_C1562.html,https://www.lcsc.com/datasheet/lcsc_datasheet_2304140030_FH--Guangdong-Fenghua-Advanced-Tech-0402CG330J500NT_C1562.pdf
10,"C3,C4,C5,C7,C11,C20,C21,C22,C42",9,Samsung Electro-Mechanics,CL10A106KP8NNNC,10u,10V 10uF X5R ±10% 0603 Multilayer Ceramic Capacitors MLCC - SMD/SMT ROHS,C_0603_1608Metric,SMT,LCSC,C19702,https://www.lcsc.com/product-detail/Multilayer-Ceramic-Capacitors-MLCC-SMD-SMT_Samsung-Electro-Mechanics-CL10A106KP8NNNC_C19702.html,https://www.lcsc.com/datasheet/lcsc_datasheet_2304140030_Samsung-Electro-Mechanics-CL10A106KP8NNNC_C19702.pdf
11,C30,1,Samsung Electro-Mechanics,CL05A105KP5NNNC,1u,10V 1uF X5R ±10% 0402 Multilayer Ceramic Capacitors MLCC - SMD/SMT ROHS,C_0402_1005Metric,SMT,LCSC,C14445,https://www.lcsc.com/product-detail/Multilayer-Ceramic-Capacitors-MLCC-SMD-SMT_Samsung-Electro-Mechanics-CL05A105KP5NNNC_C14445.html,https://www.lcsc.com/datasheet/lcsc_datasheet_2304140030_Samsung-Electro-Mechanics-CL05A105KP5NNNC_C14445.pdf
12,"C31,C32",2,Murata Electronics,GRM21BR60J107ME15L,100u,6.3V 100uF X5R ±20% 0805 Multilayer Ceramic Capacitors MLCC - SMD/SMT ROHS,C_0805_2012Metric,SMT,LCSC,C141660,https://www.lcsc.com/product-detail/Multilayer-Ceramic-Capacitors-MLCC-SMD-SMT_Murata-Electronics-GRM21BR60J107ME15L_C141660.html,https://www.lcsc.com/datasheet/lcsc_datasheet_1810201235_Murata-Electronics-GRM21BR60J107ME15L_C141660.pdf
13,"C33,C37",2,Samsung Electro-Mechanics,CL05B102KB5NNNC,1n,50V 1nF X7R ±10% 0402 Multilayer Ceramic Capacitors MLCC - SMD/SMT ROHS,C_0402_1005Metric,SMT,LCSC,C14442,https://www.lcsc.com/product-detail/Multilayer-Ceramic-Capacitors-MLCC-SMD-SMT_Samsung-Electro-Mechanics-CL05B102KB5NNNC_C14442.html,https://www.lcsc.com/datasheet/lcsc_datasheet_2304140030_Samsung-Electro-Mechanics-CL05B102KB5NNNC_C14442.pdf
14,C34,1,YAGEO,CC0402KRX7R9BB471,470p,50V 470pF X7R ±10% 0402 Multilayer Ceramic Capacitors MLCC - SMD/SMT ROHS,C_0402_1005Metric,SMT,LCSC,C106207,https://www.lcsc.com/product-detail/Multilayer-Ceramic-Capacitors-MLCC-SMD-SMT_YAGEO-CC0402KRX7R9BB471_C106207.html,https://www.lcsc.com/datasheet/lcsc_datasheet_2304140030_YAGEO-CC0402KRX7R9BB471_C106207.pdf
15,"C39,C40,C41,C46,C55",5,Samsung Electro-Mechanics,CL10B104KO8NNNC,100n,16V 100nF X7R ±10% 0603 Multilayer Ceramic Capacitors MLCC - SMD/SMT ROHS,C_0603_1608Metric,SMT,LCSC,C66501,https://www.lcsc.com/product-detail/Multilayer-Ceramic-Capacitors-MLCC-SMD-SMT_Samsung-Electro-Mechanics-CL10B104KO8NNNC_C66501.html,https://www.lcsc.com/datasheet/lcsc_datasheet_1810271710_Samsung-Electro-Mechanics-CL10B104KO8NNNC_C66501.pdf
16,C43,1,Samsung Electro-Mechanics,CL10A475KP8NNNC,4u7,10V 4.7uF X5R ±10% 0603 Multilayer Ceramic Capacitors MLCC - SMD/SMT ROHS,C_0603_1608Metric,SMT,LCSC,C1705,https://www.lcsc.com/product-detail/Multilayer-Ceramic-Capacitors-MLCC-SMD-SMT_Samsung-Electro-Mechanics-CL10A475KP8NNNC_C1705.html,https://www.lcsc.com/datasheet/lcsc_datasheet_2304140030_Samsung-Electro-Mechanics-CL10A475KP8NNNC_C1705.pdf
17,C50,1,Murata Electronics,GJM1555C1H470FB01D,47p,"47 pF ±1% 50V Ceramic Capacitor C0G, NP0 0402 (1005 Metric)",C_0402_1005Metric,SMT,DigiKey,490-16376-1-ND,https://www.digikey.com/en/products/detail/murata-electronics/GJM1555C1H470FB01D/7363120,https://search.murata.co.jp/Ceramy/image/img/A01X/G101/ENG/GJM1555C1H470FB01-01.pdf
18,C51,1,Murata Electronics,GJM1555C1H1R4WB01D,1p4,"1.4 pF ±0.05pF 50V Ceramic Capacitor C0G, NP0 0402 (1005 Metric)",C_0402_1005Metric,SMT,DigiKey,490-11198-1-ND,https://www.digikey.com/en/products/detail/murata-electronics/GJM1555C1H1R4WB01D/2592886,https://search.murata.co.jp/Ceramy/image/img/A01X/G101/ENG/GJM1555C1H1R4WB01-01.pdf
19,C52,1,Murata Electronics,GJM1555C1H1R2WB01D,1p2,50V 1.2pF C0G 0402 Multilayer Ceramic Capacitors MLCC - SMD/SMT ROHS,C_0402_1005Metric,SMT,LCSC,C76899,https://www.lcsc.com/product-detail/Multilayer-Ceramic-Capacitors-MLCC-SMD-SMT_Murata-Electronics-GJM1555C1H1R2WB01D_C76899.html,https://www.lcsc.com/datasheet/lcsc_datasheet_1811081710_Murata-Electronics-GJM1555C1H1R2WB01D_C76899.pdf
20,C53,1,Murata Electronics,GJM1555C1H2R0WB01D,2p,50V 2pF C0G 0402 Multilayer Ceramic Capacitors MLCC - SMD/SMT ROHS,C_0402_1005Metric,SMT,LCSC,C88885,https://www.lcsc.com/product-detail/Multilayer-Ceramic-Capacitors-MLCC-SMD-SMT_Murata-Electronics-GJM1555C1H2R0WB01D_C88885.html,https://www.lcsc.com/datasheet/lcsc_datasheet_2304140030_Murata-Electronics-GJM1555C1H2R0WB01D_C88885.pdf
21,C56,1,Murata Electronics,GRM188R60J476ME15D,47u,6.3V 47uF X5R ±20% 0603 Multilayer Ceramic Capacitors MLCC - SMD/SMT ROHS,C_0603_1608Metric,SMT,LCSC,C140782,https://www.lcsc.com/product-detail/Multilayer-Ceramic-Capacitors-MLCC-SMD-SMT_Murata-Electronics-GRM188R60J476ME15D_C140782.html,https://www.lcsc.com/datasheet/lcsc_datasheet_1811081617_Murata-Electronics-GRM188R60J476ME15D_C140782.pdf
22,D1,1,EKINGLUX,E6C0603SEAC1UDA,E6C0603SEAC1UDA,Colorless transparence -40℃~+90℃ 605nm Orange 120° 0603 Light Emitting Diodes (LED),LED_0603_1608Metric,SMT,LCSC,C375450,https://www.lcsc.com/product-detail/Light-Emitting-Diodes-LED_EKINGLUX-E6C0603SEAC1UDA_C375450.html,https://www.lcsc.com/datasheet/lcsc_datasheet_2203301730_EKINGLUX-E6C0603SEAC1UDA_C375450.pdf
23,D12,1,Lite-On,LTST-C191KGKT,LTST-C191KGKT,20mA 35mcd -55℃~+85℃ 567.5nm~576.5nm Green-yellow 130° 75mW 2V 0603 Light Emitting Diodes (LED) ROHS,LED_0603_1608Metric,SMT,LCSC,C125098,https://www.lcsc.com/product-detail/Light-Emitting-Diodes-LED_Lite-On-LTST-C191KGKT_C125098.html,https://www.lcsc.com/datasheet/lcsc_datasheet_1811100910_Lite-On-LTST-C191KGKT_C125098.pdf
24,D13,1,Lite-On,LTST-C191KRKT,LTST-C191KRKT,20mA 54mcd -55℃~+85℃ 631nm Red 130° 75mW 2V 0603 Light Emitting Diodes (LED) ROHS,LED_0603_1608Metric,SMT,LCSC,C125099,https://www.lcsc.com/product-detail/Light-Emitting-Diodes-LED_Lite-On-LTST-C191KRKT_C125099.html,https://www.lcsc.com/datasheet/lcsc_datasheet_1810231512_Lite-On-LTST-C191KRKT_C125099.pdf
25,"D2,D3,D6,D8,D10,D11",6,Leiditech,ESD5651N,ESD5651N,DFN1006 Electrostatic and Surge Protection (TVS/ESD) ROHS,D_SOD-882,SMT,LCSC,C5173251,https://www.lcsc.com/product-detail/span-style-background-color-ff0-ESD-span-Protection-Devices_Leiditech-ESD5651N_C5173251.html,https://www.lcsc.com/datasheet/lcsc_datasheet_2209151800_Leiditech-ESD5651N_C5173251.pdf
26,"D4,D9",2,TECH PUBLIC,ESDA6V1W5-TP,ESDA6V1W5,SOT-323-5 ESD Protection Devices ROHS,SOT-353_SC-70-5,SMT,LCSC,C970036,https://www.lcsc.com/product-detail/span-style-background-color-ff0-ESD-span-Protection-Devices_TECH-PUBLIC-ESDA6V1W5-TP_C970036.html,https://www.lcsc.com/datasheet/lcsc_datasheet_2108132030_TECH-PUBLIC-ESDA6V1W5-TP_C970036.pdf
27,"D5,D7",2,Leiditech,ESDBW5V0A1,ESDBW5V0A1,DFN1006 ESD Protection Devices ROHS,D_SOD-882,SMT,LCSC,C5173252,https://www.lcsc.com/product-detail/span-style-background-color-ff0-ESD-span-Protection-Devices_Leiditech-ESDBW5V0A1_C5173252.html,https://www.lcsc.com/datasheet/lcsc_datasheet_2209151800_Leiditech-ESDBW5V0A1_C5173252.pdf
28,E1,1,Ignion,NN03-320,NN03-320,"1.561GHz, 1.575GHz, 1.606GHz, 2.45GHz, 3.5GHz, 3.7GHz, 3.4Ghz, 4.0GHz, 4.5GHz, 5.0GHz , 5.5GHz, 6.1GHz, 6.6GHz, 7.1GHz, 7.7GHz, 8.2GHz, 8.7GHz, 9.2GHz, 9.8GHz, 10.3GHz 5G, Beidou, BT, Galileo, GNSS, GPS, UWB Chip RF Antenna 1.56GHz ~ 10.6GHz 2.6dBi Solder Surface Mount",NN03-320,SMT,DigiKey,2115-NN03-320CT-ND,https://www.digikey.com/en/products/detail/ignion/NN03-320/10440477,https://mm.digikey.com/Volume0/opasdata/d220001/medias/docus/4329/NN03-320_Jan2021.pdf
29,E2,1,Ignion,NN03-310,NN03-310,"700MHz, 800MHz, 850MHz, 900MHz, 1.7GHz, 1.8GHz, 1.9GHz, 2GHz, 2.1GHz, 2.3GHz, 2.5GHz, 2.6GHz, 1.561GHz, 1.575GHz, 1.606GHz, 2.45GHz, 3.5GHz, 3.7GHz, 3.8GHz 2G/3G/4G/5G, Bluetooth, GNSS, ISM, LTE, UWB, Wi-Fi Chip RF Antenna 698MHz ~ 3.8GHz 2.4dBi Solder Surface Mount",NN03-310,SMT,DigiKey,2115-NN03-310CT-ND,https://www.digikey.com/en/products/detail/ignion/NN03-310/10108235,https://ignion.io/files/DS_NN03-310.pdf
30,F1,1,RUILON(Shenzhen Ruilongyuan Elec),SMD0805P075TF,SMD0805P075TF,6V 750mA 40A 1.5A 0805 Resettable Fuses ROHS,Fuse_0805_2012Metric,SMT,LCSC,C20979,https://www.lcsc.com/product-detail/Resettable-Fuses_RUILON-Shenzhen-Ruilongyuan-Elec-SMD0805P075TF_C20979.html,https://www.lcsc.com/datasheet/lcsc_datasheet_2403081022_RUILON-Shenzhen-Ruilongyuan-Elec-SMD0805P075TF_C20979.pdf
31,FB1,1,Murata Electronics,BLM21PG300SN1D,BLM21PG300SN1D,14mΩ ±25% 30Ω@100MHz 0805 Ferrite Beads ROHS,L_0805_2012Metric,SMT,LCSC,C16903,https://www.lcsc.com/product-detail/Ferrite-Beads_Murata-Electronics-BLM21PG300SN1D_C16903.html,https://www.lcsc.com/datasheet/lcsc_datasheet_2304140030_Murata-Electronics-BLM21PG300SN1D_C16903.pdf
32,FB2,1,TDK,MMZ1608B601CTAH0,MMZ1608B601CTAH0,400mΩ ±25% 600Ω@100MHz 0603 Ferrite Beads ROHS,L_0603_1608Metric,SMT,LCSC,C97120,https://www.lcsc.com/product-detail/Ferrite-Beads_TDK-MMZ1608B601CTAH0_C97120.html,https://www.lcsc.com/datasheet/lcsc_datasheet_2304140030_TDK-MMZ1608B601CTAH0_C97120.pdf
33,FB3,1,Murata Electronics,GJM1555C1HR40WB01D,0p4,"0.4 pF ±0.05pF 50V Ceramic Capacitor C0G, NP0 0402 (1005 Metric)",L_0402_1005Metric,SMT,DigiKey,490-11249-1-ND,https://www.digikey.com/en/products/detail/murata-electronics/GJM1555C1HR40WB01D/2593249,https://search.murata.co.jp/Ceramy/image/img/A01X/G101/ENG/GJM1555C1HR40WB01-01.pdf
34,FB4,1,Murata Electronics,LQW18AN11NG80D,11n,"11 nH Unshielded Drum Core, Wirewound Inductor 1.6 A 52mOhm Max 0603 (1608 Metric)",L_0603_1608Metric,SMT,DigiKey,490-LQW18AN11NG80DCT-ND,https://www.digikey.com/en/products/detail/murata-electronics/LQW18AN11NG80D/4906015,https://search.murata.co.jp/Ceramy/image/img/P02/JELF243A-0102.pdf
35,FB5,1,UNI-ROYAL(Uniroyal Elec),0402WGJ0000TCE,0,62.5mW Thick Film Resistors 50V ±5% 0Ω 0402 Chip Resistor - Surface Mount ROHS,L_0402_1005Metric,SMT,LCSC,C21376,https://www.lcsc.com/product-detail/Chip-Resistor-Surface-Mount_UNI-ROYAL-Uniroyal-Elec-0402WGJ0000TCE_C21376.html,https://www.lcsc.com/datasheet/lcsc_datasheet_2206010130_UNI-ROYAL-Uniroyal-Elec-0402WGJ0000TCE_C21376.pdf
36,FB6,1,UNI-ROYAL(Uniroyal Elec),0603WAF0000T5E,0,100mW Thick Film Resistors 75V ±1% 0Ω 0603 Chip Resistor - Surface Mount ROHS,L_0603_1608Metric,SMT,LCSC,C21189,https://www.lcsc.com/product-detail/Chip-Resistor-Surface-Mount_UNI-ROYAL-Uniroyal-Elec-0603WAF0000T5E_C21189.html,https://www.lcsc.com/datasheet/lcsc_datasheet_2206010130_UNI-ROYAL-Uniroyal-Elec-0603WAF0000T5E_C21189.pdf
37,J1,1,Korean Hroparts Elec,TYPE-C-31-M-12,USB_C_Receptacle_USB2.0,5A 1 16P Female Type-C SMD USB Connectors ROHS,USB_C_Receptacle_HRO_TYPE-C-31-M-12,SMT,LCSC,C165948,https://www.lcsc.com/product-detail/span-style-background-color-ff0-USB-span-Connectors_Korean-Hroparts-Elec-TYPE-C-31-M-12_C165948.html,https://www.lcsc.com/datasheet/lcsc_datasheet_2205251630_Korean-Hroparts-Elec-TYPE-C-31-M-12_C165948.pdf
38,J2,1,JST,S2B-PH-SM4-TB(LF)(SN),S2B-PH-SM4-TB(LF)(SN),"1x2P 2P PH 1 Tin 2mm 2 -25℃~+85℃ Copper Alloy 2A Surface Mount，Right Angle SMD,P=2mm,Surface Mount，Right Angle Wire To Board Connector ROHS",JST_PH_S2B-PH-SM4-TB_1x02-1MP_P2.00mm_Horizontal,SMT,LCSC,C295747,https://www.lcsc.com/product-detail/Wire-To-Board-Wire-To-Wire-Connector_JST-Sales-America-S2B-PH-SM4-TB-LF-SN_C295747.html,https://www.lcsc.com/datasheet/lcsc_datasheet_2102031704_JST-S2B-PH-SM4-TB-LF-SN_C295747.pdf
39,J4,1,XUNPU,SMN-304,SMN-304,Pluggable Gold 1.35mm Deck -40℃~+85℃ 260℃ NanoSIM SMD SIM Card Connectors ROHS,SIM-SMD_SMN-304,SMT,LCSC,C266889,https://www.lcsc.com/product-detail/SIM-Card-Connectors_XUNPU-SMN-304_C266889.html,https://lcsc.com/product-detail/Connector-Card-Sockets_XUNPU-SMN-304_C266889.html
40,"J5,J7",2,BAT WIRELESS,BWIPX-1-001E,BWIPX-1-001E,1 Inner needle IPEX Board Edge 6GHz 50Ω SMD RF Connectors / Coaxial Connectors ROHS,BWIPX-1-001E,SMT,LCSC,C496552,https://www.lcsc.com/product-detail/RF-Connectors-Coaxial-Connectors_BAT-WIRELESS-BWIPX-1-001E_C496552.html,https://www.lcsc.com/datasheet/lcsc_datasheet_2012231509_BAT-WIRELESS-BWIPX-1-001E_C496552.pdf
41,J6,1,JST,SM04B-SRSS-TB(LF)(SN),SM04B-SRSS-TB(LF)(SN),"1x4P 4P 1 SR Tin 1mm 4 -25℃~+85℃ 1A Copper Alloy Surface Mount，Right Angle SMD,P=1mm,Surface Mount，Right Angle Wire To Board Connector ROHS",JST_SH_SM04B-SRSS-TB_1x04-1MP_P1.00mm_Horizontal,SMT,LCSC,C160404,https://www.lcsc.com/product-detail/Wire-To-Board-Wire-To-Wire-Connector_JST-Sales-America-SM04B-SRSS-TB-LF-SN_C160404.html,https://www.lcsc.com/datasheet/lcsc_datasheet_2304140030_JST-SM04B-SRSS-TB-LF-SN_C160404.pdf
42,L1,1,Murata Electronics,LQW18AN10NG80,10n,1.6A 10nH ±2% 0603 Power Inductors ROHS ,L_0603_1608Metric,SMT,LCSC,C668467,https://www.lcsc.com/product-detail/Power-Inductors_Murata-Electronics-LQW18AN10NG80D_C668467.html,https://www.lcsc.com/datasheet/lcsc_datasheet_2107272240_Murata-Electronics-LQW18AN10NG80D_C668467.pdf
43,L2,1,Murata Electronics,LQW18AN9N5G80D,9n5,"9.5 nH Unshielded Drum Core, Wirewound Inductor 1.6 A 52mOhm Max 0603 (1608 Metric)",L_0603_1608Metric,SMT,DigiKey,490-LQW18AN9N5G80DCT-ND,https://www.digikey.com/en/products/detail/murata-electronics/LQW18AN9N5G80D/10705986,https://search.murata.co.jp/Ceramy/image/img/P02/JELF243A-0102.pdf
44,L3,1,Murata Electronics,LQW15AN6N1B80D,6n1,"6.1 nH Unshielded Drum Core, Wirewound Inductor 1.6 A 56mOhm Max 0402 (1005 Metric)",L_0402_1005Metric,SMT,DigiKey,490-7666-1-ND,https://www.digikey.com/en/products/detail/murata-electronics/LQW15AN6N1B80D/4292379,https://search.murata.co.jp/Ceramy/image/img/P02/JELF243A-0100.pdf
45,L4,1,Murata Electronics,LQW15AN3N0G80D,3n,1.35A 3nH ±2% 0402 Power Inductors ROHS,L_0402_1005Metric,SMT,LCSC,C412272,https://www.lcsc.com/product-detail/Power-Inductors_Murata-Electronics-LQW15AN3N0G80D_C412272.html,https://www.lcsc.com/datasheet/lcsc_datasheet_2304140030_Murata-Electronics-LQW15AN3N0G80D_C412272.pdf
46,L5,1,Murata Electronics,LQW18AN4N3G80D,4n3,FIXED IND 4.3NH 2.1A 0.036OHM SM,L_0603_1608Metric,SMT,DigiKey,490-LQW18AN4N3G80DCT-ND,https://www.digikey.com/en/products/detail/murata-electronics/LQW18AN4N3G80D/10694957,https://search.murata.co.jp/Ceramy/image/img/P02/JELF243A-0102.pdf
47,L6,1,Murata Electronics,LQW15AN1N3C80D,1n3,"1.3 nH Unshielded Drum Core, Wirewound Inductor 3.15 A 12mOhm Max 0402 (1005 Metric)",L_0402_1005Metric,SMT,DigiKey,490-14709-1-ND,https://www.digikey.com/en/products/detail/murata-electronics/LQW15AN1N3C80D/4422080,https://search.murata.co.jp/Ceramy/image/img/P02/JELF243A-0100.pdf
48,L7,1,Chilisin Elec,LVS303015-2R2M-N ,2u2,"2.3A 2.2uH Shielded Power Inductors ±20% SMD,3x3mm Power Inductors ROHS",IND-SMD_L3.0-W3.0_LVS303015H-2R2M-N,SMT,LCSC,C285837,https://www.lcsc.com/product-detail/Power-Inductors_Chilisin-Elec-LVS303015-2R2M-N_C285837.html,https://www.lcsc.com/datasheet/lcsc_datasheet_1811021412_Chilisin-Elec-LVS303015-2R2M-N_C285837.pdf
49,Q2,1,TECH PUBLIC,PMV32UP,PMV32UP,SOT-23 MOSFETs ROHS,SOT-23,SMT,LCSC,C2959851,https://www.lcsc.com/product-detail/MOSFETs_TECH-PUBLIC-PMV32UP_C2959851.html,https://www.lcsc.com/datasheet/lcsc_datasheet_2201211500_TECH-PUBLIC-PMV32UP_C2959851.pdf
50,"Q3,Q4",2,Guangdong Hottech,S8050,S8050,25V 300mW 500mA NPN SOT-23 Bipolar Transistors - BJT ROHS,SOT-23,SMT,LCSC,C181158,https://www.lcsc.com/product-detail/Bipolar-Transistors-BJT_Guangdong-Hottech-S8050_C181158.html,https://www.lcsc.com/datasheet/lcsc_datasheet_2205060945_Guangdong-Hottech-S8050_C181158.pdf
51,"Q5,Q6",2,Guangdong Hottech,S8050,PMBT3904,25V 300mW 500mA NPN SOT-23 Bipolar Transistors - BJT ROHS,SOT-23,SMT,LCSC,C181158,https://www.lcsc.com/product-detail/Bipolar-Transistors-BJT_Guangdong-Hottech-S8050_C181158.html,https://www.lcsc.com/datasheet/lcsc_datasheet_2205060945_Guangdong-Hottech-S8050_C181158.pdf
52,Q7,1,Diodes Incorporated,DMG1012UW-7 ,DMG1012UW,"20V 1A 450mΩ@4.5V,600mA 290mW 1V@250uA 1PCSNChannel SOT-323-3 MOSFETs ROHS",SOT-323_SC-70,SMT,LCSC,C156390,https://www.lcsc.com/product-detail/MOSFETs_Diodes-Incorporated-DMG1012UW-7_C156390.html,https://www.lcsc.com/datasheet/lcsc_datasheet_1806090918_Diodes-Incorporated-DMG1012UW-7_C156390.pdf
53,Q8,1,Alpha & Omega Semicon,AO3407A,AO3407A,"30V 4.3A 48mΩ@10V,4.3A 1.4W 3V@250uA 1PCSPChannel SOT-23-3L MOSFETs ROHS",SOT-23,SMT,LCSC,C15155,https://www.lcsc.com/product-detail/MOSFETs_Alpha-Omega-Semicon-AO3407A_C15155.html,https://datasheet.lcsc.com/lcsc/1810231523_Alpha---Omega-Semicon-AO3407A_C15155.pdf
54,"R1,R2,R19",3,UNI-ROYAL(Uniroyal Elec),0402WGF5101TCE,5k1,62.5mW Thick Film Resistors ±100ppm/℃ ±1% 5.1kΩ 0402 Chip Resistor - Surface Mount ROHS,R_0402_1005Metric,SMT,LCSC,C25905,https://www.lcsc.com/product-detail/Chip-Resistor-Surface-Mount_UNI-ROYAL-Uniroyal-Elec-0402WGF5101TCE_C25905.html,https://www.lcsc.com/datasheet/lcsc_datasheet_2206010045_UNI-ROYAL-Uniroyal-Elec-0402WGF5101TCE_C25905.pdf
55,"R12,R13",2,UNI-ROYAL(Uniroyal Elec),0603WAF1004T5E,1M,100mW Thick Film Resistors 75V ±100ppm/℃ ±1% 1MΩ 0603 Chip Resistor - Surface Mount ROHS,R_0603_1608Metric,SMT,LCSC,C22935,https://www.lcsc.com/product-detail/Chip-Resistor-Surface-Mount_UNI-ROYAL-Uniroyal-Elec-0603WAF1004T5E_C22935.html,https://www.lcsc.com/datasheet/lcsc_datasheet_2206010130_UNI-ROYAL-Uniroyal-Elec-0603WAF1004T5E_C22935.pdf
56,"R14,R18,R22,R23,R26,R27,R29,R31",8,UNI-ROYAL(Uniroyal Elec),0402WGJ0472TCE,4k7,62.5mW Thick Film Resistors 50V ±100ppm/℃ ±5% 4.7kΩ 0402 Chip Resistor - Surface Mount ROHS,R_0402_1005Metric,SMT,LCSC,C25940,https://www.lcsc.com/product-detail/Chip-Resistor-Surface-Mount_UNI-ROYAL-Uniroyal-Elec-0402WGJ0472TCE_C25940.html,https://www.lcsc.com/datasheet/lcsc_datasheet_2206010045_UNI-ROYAL-Uniroyal-Elec-0402WGJ0472TCE_C25940.pdf
57,"R16,R17,R20,R21",4,UNI-ROYAL(Uniroyal Elec),0402WGF220JTCE,22,62.5mW Thick Film Resistors ±1% ±100ppm/℃ 22Ω 0402 Chip Resistor - Surface Mount ROHS,R_0402_1005Metric,SMT,LCSC,C25092,https://www.lcsc.com/product-detail/Chip-Resistor-Surface-Mount_UNI-ROYAL-Uniroyal-Elec-0402WGF220JTCE_C25092.html,https://www.lcsc.com/datasheet/lcsc_datasheet_2205311900_UNI-ROYAL-Uniroyal-Elec-0402WGF220JTCE_C25092.pdf
58,R3,1,YAGEO,RC0402FR-072KL,2k,62.5mW Thick Film Resistors 50V ±100ppm/℃ ±1% 2kΩ 0402 Chip Resistor - Surface Mount ROHS,R_0402_1005Metric,SMT,LCSC,C60488,https://www.lcsc.com/product-detail/Chip-Resistor-Surface-Mount_YAGEO-RC0402FR-072KL_C60488.html,https://www.lcsc.com/datasheet/lcsc_datasheet_2304140030_YAGEO-RC0402FR-072KL_C60488.pdf
59,"R30,R32",2,UNI-ROYAL(Uniroyal Elec),0402WGF4702TCE,47k,62.5mW Thick Film Resistors 50V ±100ppm/℃ ±1% 47kΩ 0402 Chip Resistor - Surface Mount ROHS,R_0402_1005Metric,SMT,LCSC,C25792,https://www.lcsc.com/product-detail/Chip-Resistor-Surface-Mount_UNI-ROYAL-Uniroyal-Elec-0402WGF4702TCE_C25792.html,https://www.lcsc.com/datasheet/lcsc_datasheet_2206010100_UNI-ROYAL-Uniroyal-Elec-0402WGF4702TCE_C25792.pdf
60,R38,1,UNI-ROYAL(Uniroyal Elec),0603WAF0000T5E,0,100mW Thick Film Resistors 75V ±1% 0Ω 0603 Chip Resistor - Surface Mount ROHS ,R_0603_1608Metric,SMT,LCSC,C21189,https://www.lcsc.com/product-detail/Chip-Resistor-Surface-Mount_UNI-ROYAL-Uniroyal-Elec-0603WAF0000T5E_C21189.html,https://www.lcsc.com/datasheet/lcsc_datasheet_2206010130_UNI-ROYAL-Uniroyal-Elec-0603WAF0000T5E_C21189.pdf
61,"R4,R41,R42",3,UNI-ROYAL(Uniroyal Elec),0402WGJ0102TCE,1k,62.5mW Thick Film Resistors 50V ±100ppm/℃ ±5% 1kΩ 0402 Chip Resistor - Surface Mount ROHS,R_0402_1005Metric,SMT,LCSC,C25543,https://www.lcsc.com/product-detail/Chip-Resistor-Surface-Mount_UNI-ROYAL-Uniroyal-Elec-0402WGJ0102TCE_C25543.html,https://www.lcsc.com/datasheet/lcsc_datasheet_2205311845_UNI-ROYAL-Uniroyal-Elec-0402WGJ0102TCE_C25543.pdf
62,R43,1,UNI-ROYAL(Uniroyal Elec),0603WAF1203T5E,120k,100mW Thick Film Resistors 75V ±100ppm/℃ ±1% 120kΩ 0603 Chip Resistor - Surface Mount ROHS,R_0603_1608Metric,SMT,LCSC,C25808,https://www.lcsc.com/product-detail/Chip-Resistor-Surface-Mount_UNI-ROYAL-Uniroyal-Elec-0603WAF1203T5E_C25808.html,https://www.lcsc.com/datasheet/lcsc_datasheet_2206010045_UNI-ROYAL-Uniroyal-Elec-0603WAF1203T5E_C25808.pdf
63,R44,1,UNI-ROYAL(Uniroyal Elec),0603WAF2002T5E,20k,100mW Thick Film Resistors 75V ±100ppm/℃ ±1% 20kΩ 0603 Chip Resistor - Surface Mount ROHS,R_0603_1608Metric,SMT,LCSC,C4184,https://www.lcsc.com/product-detail/Chip-Resistor-Surface-Mount_UNI-ROYAL-Uniroyal-Elec-0603WAF2002T5E_C4184.html,https://www.lcsc.com/datasheet/lcsc_datasheet_2206010230_UNI-ROYAL-Uniroyal-Elec-0603WAF2002T5E_C4184.pdf
64,"R5,R24,R25,R28,R34,R35,R36,R37",8,UNI-ROYAL(Uniroyal Elec),0402WGJ0000TCE,0,62.5mW Thick Film Resistors 50V ±5% 0Ω 0402 Chip Resistor - Surface Mount ROHS,R_0402_1005Metric,SMT,LCSC,C21376,https://www.lcsc.com/product-detail/Chip-Resistor-Surface-Mount_UNI-ROYAL-Uniroyal-Elec-0402WGJ0000TCE_C21376.html,https://www.lcsc.com/datasheet/lcsc_datasheet_2206010130_UNI-ROYAL-Uniroyal-Elec-0402WGJ0000TCE_C21376.pdf
65,"R7,R8,R9,R10,R11,R15,R33",7,UNI-ROYAL(Uniroyal Elec),0402WGF1002TCE,10k,62.5mW Thick Film Resistors 50V ±100ppm/℃ ±1% 10kΩ 0402 Chip Resistor - Surface Mount ROHS,R_0402_1005Metric,SMT,LCSC,C25744,https://www.lcsc.com/product-detail/Chip-Resistor-Surface-Mount_UNI-ROYAL-Uniroyal-Elec-0402WGF1002TCE_C25744.html,https://www.lcsc.com/datasheet/lcsc_datasheet_2206010100_UNI-ROYAL-Uniroyal-Elec-0402WGF1002TCE_C25744.pdf
66,"SW1,SW2",2,XUNPU,TS-1088-AR02016,TS-1088-AR02016,"50mA 4mm 100M? 100,000 Times 12V 160gf 3mm 2mm Round Button Brick nogging SPST SMD Tactile Switches ROHS",TS-1088-AR02016,SMT,LCSC,C720477,https://www.lcsc.com/product-detail/Tactile-Switches_XUNPU-TS-1088-AR02016_C720477.html,https://www.lcsc.com/datasheet/lcsc_datasheet_2304140030_XUNPU-TS-1088-AR02016_C720477.pdf
67,U1,1,TECH PUBLIC,USBLC6-2SC6,USBLC6-2SC6,6A 6V 5V SOT-23-6 Electrostatic and Surge Protection (TVS/ESD) ROHS,SOT-23-6,SMT,LCSC,C2827654,https://www.lcsc.com/product-detail/ESD-Protection-Devices_TECH-PUBLIC-USBLC6-2SC6_C2827654.html,https://www.lcsc.com/datasheet/lcsc_datasheet_2108132230_TECH-PUBLIC-USBLC6-2SC6_C2827654.pdf
68,U10,1,Texas Instruments,TPS7A0328DBVR,TPS7A0328DBVR,55dB@(1kHz) 200mA null 2.8V Positive electrode 6V SOT-23-5 Linear Voltage Regulators (LDO) ROHS,SOT-23-5,SMT,LCSC,C2862669,https://www.lcsc.com/product-detail/Linear-Voltage-Regulators-LDO_Texas-Instruments-TPS7A0328DBVR_C2862669.html,https://www.ti.com/lit/ds/symlink/tps7a03.pdf
69,U11,1,Texas Instruments,TXB0106PWR,TXB0106PWR,1.65V~5.5V 1 6 1.2V~3.6V 100Mbps TSSOP-16 Translators / Level Shifters ROHS,TSSOP-16_L5.0-W4.4-P0.65-LS6.4-BL,SMT,LCSC,C38253,https://www.lcsc.com/product-detail/Translators-Level-Shifters_Texas-Instruments-TXB0106PWR_C38253.html,https://www.lcsc.com/datasheet/lcsc_datasheet_1811082011_Texas-Instruments-TXB0106PWR_C38253.pdf
70,U12,1,Texas Instruments,TPS7A0333DBVR,TPS7A0333DBVR,55dB@(1kHz) 200mA null 3.3V Positive electrode 6V SOT-23-5 Linear Voltage Regulators (LDO) ROHS,SOT-23-5,SMT,LCSC,C2873330,https://www.lcsc.com/product-detail/Linear-Voltage-Regulators-LDO_Texas-Instruments-TPS7A0333DBVR_C2873330.html,https://www.ti.com/lit/ds/symlink/tps7a03.pdf
71,U2,1,Microchip Tech,MCP73831T-2ATI/OT,MCP73831-2-OT,6V Polymer 1 500mA SOT-23-5 Battery Management ICs,SOT-23-5,SMT,LCSC,C14879,https://www.lcsc.com/product-detail/Battery-Management-ICs_Microchip-Tech-MCP73831T-2ATI-OT_C14879.html,http://ww1.microchip.com/downloads/en/DeviceDoc/20001984g.pdf
72,U3,1,Richtek Tech,RT9080-33GJ5,RT9080-33GJ5,75dB@(1kHz) 600mA null 3.3V Positive electrode 5.5V TSOT-23-5 Linear Voltage Regulators (LDO) ROHS,SOT-23-5,SMT,LCSC,C841192,https://www.lcsc.com/product-detail/Linear-Voltage-Regulators-LDO_Richtek-Tech-RT9080-33GJ5_C841192.html,https://datasheet.lcsc.com/lcsc/2009192305_Richtek-Tech-RT9080-33GJ5_C841192.pdf
73,U4,1,STMicroelectronics,LSM6DSOTR,LSM6DSOTR,LGA-14 Attitude Sensor/Gyroscope ROHS,LGA-14_3x2.5mm_P0.5mm_LayoutBorder3x4y,SMT,LCSC,C2655100,https://www.lcsc.com/product-detail/Attitude-Sensor-Gyroscope_STMicroelectronics-LSM6DSOTR_C2655100.html,https://datasheet.lcsc.com/lcsc/2108070730_STMicroelectronics-LSM6DSOTR_C2655100.pdf
74,U5,1,Analog Devices Inc./Maxim Integrated,MAX17048G+T10,MAX17048G+,Polymer 1 DFN-8(2x2) Battery Management ICs ROHS,DFN-8-1EP_2x2mm_P0.5mm_EP0.7x1.3mm,SMT,LCSC,C2682616,https://www.lcsc.com/product-detail/Battery-Management-ICs_Analog-Devices-Inc-Maxim-Integrated-MAX17048G-T10_C2682616.html,https://datasheet.lcsc.com/lcsc/2106070437_Analog-Devices-Inc--Maxim-Integrated-MAX17048G-T10_C2682616.pdf
75,U6,1,Espressif Systems,ESP32-S3-MINI-1-N4R2,ESP32-S3-MINI-1,"Smallsized module supporting 2.4 GHz WiFi (802.11 b/g/n) and Bluetooth ® 5 (LE) Built around ESP32S3 series of SoCs, Xtensa ® dualcore 32bit LX7 microprocessor Flash up to 8 MB, optional 2 MB PSRAM in chip package 39 GPIOs, rich set of peripherals Onboard PCB antenna or external antenna connector",ESP32-S3-MINI-1,SMT,LCSC,C3013941,https://www.lcsc.com/product-detail/WiFi-Modules_Espressif-Systems-ESP32-S3-MINI-1-N4R2_C3013941.html,https://www.espressif.com/sites/default/files/documentation/esp32-s3-mini-1_mini-1u_datasheet_en.pdf
76,U7,1,Quectel,L76L-M33,L76L-M33,"Navigation BeiDou, Galileo, GLONASS, GPS, GNSS Transceiver Module 1.561GHz, 1.575GHz, 1.602GHz Antenna Not Included Surface Mount",L76L-M33,SMT,DigiKey,2958-L76L-M33CT-ND,https://www.digikey.com/en/products/detail/quectel/L76L-M33/13278335,https://www.quectel.com/wp-content/uploads/2021/03/Quectel_L76-L_GNSS_Specification_V1.4.pdf
77,U8,1,Silergy Corp,SY8089A1AAC,SY8089A1AAC,SOT-23-5 DC-DC Converters ROHS,SOT-23-5,SMT,LCSC,C479074,https://www.lcsc.com/product-detail/New-Quadratic-Unclassified-Data_Silergy-Corp-SY8089A1AAC_C479074.html,https://www.lcsc.com/datasheet/lcsc_datasheet_2001171834_Silergy-Corp-SY8089A1AAC_C479074.pdf
78,U9,1,SIMCom Wireless Solutions,A7670C-MASL,A7670C,"SMD,24x24mm 2G/3G/4G/5G Modules ROHS",LGA-124_L24.0-W24.0-P1.0-A7670C-LASS,SMT,LCSC,C2891912,https://www.lcsc.com/product-detail/2G-3G-4G-5G-Modules_SIMCom-Wireless-Solutions-A7670C-MASL_C2891912.html,https://www.lcsc.com/datasheet/lcsc_datasheet_2201121830_SIMCom-Wireless-Solutions-A7670C-MASL_C2891912.pdf
79,Y1,1,Seiko Epson,Q13FC1350000400,32.768 kHz,32.768kHz 12.5pF ±20ppm SMD3215-2P Crystals ROHS,Crystal_SMD_3215-2Pin_3.2x1.5mm,SMT,LCSC,C32346,https://www.lcsc.com/product-detail/Crystals_Seiko-Epson-Q13FC1350000400_C32346.html,https://www.lcsc.com/datasheet/lcsc_datasheet_2404180925_Seiko-Epson-Q13FC13500004_C32346.pdf
80,"R39,R40",2,,,DNP,,R_0402_1005Metric,,,,,
81,"C35,C36,C48,C49",4,,,DNP,,C_0402_1005Metric,,,,,
